profile,phase,model_name,emotion,layer,head,head_spec,alpha,comparison,metric_name,paired,n_baseline,n_patched,n_effective,mean_baseline,mean_patched,std_baseline,std_patched,mean_diff,cohen_d,ci_lower,ci_upper,effect_size_ci_lower,effect_size_ci_upper,t_statistic,p_value,p_value_bonferroni,p_value_fdr,significant_bonferroni,significant_fdr,power
baseline,head,gpt2,gratitude,0,0,0:0,,patched_vs_neutral,emotion_keywords.anger,True,70,70,70,0.04285714285714286,0.02857142857142857,0.20399732064980206,0.1678015193509294,-0.014285714285714285,-0.05314504900871158,-0.08571428571428572,0.04285714285714286,-0.2753618997322902,0.210086792908005,-0.4446433811378338,0.6579691121802542,0.6579691121802542,0.6579691121802542,False,False,0.07230228575682499
baseline,head,gpt2,gratitude,0,0,0:0,,patched_vs_neutral,emotion_keywords.apology,True,70,70,70,0.0,0.0,0.0,0.0,0.0,,0.0,0.0,0.0,0.0,,,,,False,False,
baseline,head,gpt2,gratitude,0,0,0:0,,patched_vs_neutral,emotion_keywords.gratitude,True,70,70,70,0.05714285714285714,0.11428571428571428,0.3356030387018588,0.4354859735126885,0.05714285714285714,0.101728591908561,-0.07142857142857142,0.18571428571428572,-0.13876356294138592,0.3105433762136026,0.8511224640549078,0.3976454716344716,0.3976454716344716,0.3976454716344716,False,False,0.13378071543358108
baseline,head,gpt2,gratitude,0,0,0:0,,patched_vs_neutral,politeness,True,70,70,70,0.011428571428571427,0.012857142857142857,0.03204551628343092,0.03776904864034422,0.0014285714285714286,0.02723410044454453,-0.01,0.012857142857142857,-0.21387439830828653,0.2651439239892989,0.22785683200564308,0.8204314028203578,0.8204314028203578,0.8204314028203578,False,False,0.055803922437415415
baseline,head,gpt2,gratitude,0,0,0:0,,patched_vs_neutral,sentiment,True,70,70,70,0.22934509979427925,0.25581903087773494,0.29736282596839125,0.29429608759900605,0.026473931083455682,0.07934653774974687,-0.05054406032232302,0.1011617304901924,-0.1826065874593447,0.32267148447027116,0.6638607637909024,0.5089916427463923,0.5089916427463923,0.5089916427463923,False,False,0.1003612706898299
