{
  "ov_projection": {
    "cos_mean": 0.01785673264142436,
    "cos_max": 0.1620011329650879,
    "cos_min": -0.17540951073169708
  },
  "delta": {
    "ov": {
      "emotions/anger": 0.0,
      "emotions/apology": 0.3333333333333333,
      "sentiment/neutral": 0.006473556160926819,
      "sentiment/positive": 0.2146513250966866,
      "politeness/politeness_score": 0.03333333333333331,
      "sentiment/negative": -0.22112490485111874,
      "emotions/gratitude": 0.0
    },
    "qk": {
      "emotions/anger": 0.0,
      "emotions/apology": 0.0,
      "sentiment/neutral": 0.0,
      "sentiment/positive": 0.0,
      "politeness/politeness_score": 0.0,
      "sentiment/negative": 0.0,
      "emotions/gratitude": 0.0
    },
    "combined": {}
  }
}